{"killproofs":[{"amount":0,"name":"Legendary Divination","id":88485},{"amount":63,"name":"Legendary Insight","id":77302},{"id":94020,"name":"Unstable Fractal Essence","amount":0},{"name":"Unstable Cosmic Essence","amount":0,"id":81743},{"amount":12,"name":"Boneskinner Ritual Vial","id":93781}],"last_refresh":"2022-04-12T21:04:00","original_uce":{"amount":0,"at_date":"2020-09-15T00:00:00"},"proof_url":"https://killproof.me/proof/gw5y5","tokens":[{"name":"White Mantle Abomination Crystal","amount":4,"id":77679},{"name":"Vale Guardian Fragment","amount":19,"id":77705},{"id":77706,"name":"Slothasor Mushroom","amount":1},{"id":77728,"name":"Sabetha Flamethrower Fragment Piece","amount":10},{"amount":14,"name":"Gorseval Tentacle Piece","id":77751},{"amount":5,"name":"Turret Fragment","id":78873},{"name":"Keep Construct Rubble","amount":1,"id":78902},{"amount":3,"name":"Ribbon Scrap","id":78942},{"name":"Impaled Prisoner Token","amount":20,"id":80087},{"amount":17,"name":"Recreation Room Floor Fragment","id":80269},{"id":80542,"amount":2,"name":"Fragment of Saul's Burden"},{"id":80623,"amount":23,"name":"Cairn Fragment"},{"name":"Dhuum's Token","amount":0,"id":85633},{"id":85785,"amount":2,"name":"River of Souls Token"},{"id":85800,"amount":1,"name":"Statue Token"},{"name":"Desmina's Token","amount":0,"id":85993},{"amount":5,"name":"Conjured Amalgamate Token","id":88543},{"id":88645,"amount":0,"name":"Qadim's Token"},{"id":88860,"name":"Twin Largos Token","amount":0},{"name":"Ether Djinn's Token","amount":0,"id":91175},{"amount":5,"name":"Cardinal Adina's Token","id":91246},{"amount":1,"name":"Cardinal Sabir's Token","id":91270},{"id":95638,"name":"Mai Trin's Coffer","amount":0},{"name":"Ankka's Coffer","amount":0,"id":95982},{"id":97132,"name":"Void's Coffer","amount":0},{"id":97451,"amount":1,"name":"Minister Li's Coffer"}],"account_name":"Falcon.9283","titles":[],"valid_api_key":true,"kpid":"gw5y5","coffers":[]}