{
  "fractals": [
    {
      "id": 81743,
      "icon": "https://render.guildwars2.com/file/AD0AF3F321EB250B5FB4C44A7B3392CD1208921A/1202328.png",
      "name": "Unstable Cosmic Essence"
    },
    {
      "id": 94020,
      "name": "Unstable Fractal Essence",
      "icon": "https://render.guildwars2.com/file/AD0AF3F321EB250B5FB4C44A7B3392CD1208921A/1202328.png"
    }
  ],
  "raids": [
    {
      "wings": [
        {
          "events": [
            {
              "name": "Vale Guardian",
              "miniatures": [
                {
                  "icon": "https://render.guildwars2.com/file/1CCB9B3880B062465F9F5834F04739289AF27BBA/1301792.png",
                  "name": "Mini Vale Guardian",
                  "id": 77334
                },
                {
                  "name": "Mini Red Guardian",
                  "icon": "https://render.guildwars2.com/file/45BABB397E15AF900EEA36AC7308DB0707C9D359/1301793.png",
                  "id": 77370
                },
                {
                  "name": "Mini Green Guardian",
                  "icon": "https://render.guildwars2.com/file/FB0D1F7F7F236E43701F0241976FDE0FD1B3671F/1301788.png",
                  "id": 77457
                },
                {
                  "id": 77403,
                  "icon": "https://render.guildwars2.com/file/A5AF215E12C304F4E8F6EF4F0839FD094003BF03/1301785.png",
                  "name": "Mini Blue Guardian"
                }
              ],
              "token": {
                "id": 77705,
                "icon": "https://render.guildwars2.com/file/ABE7EE68247417D0BFEEE2DDDC015F066127597F/1341313.png",
                "name": "Vale Guardian Fragment"
              },
              "type": "Boss",
              "id": "vale_guardian"
            },
            {
              "type": "Checkpoint",
              "id": "spirit_woods",
              "name": "Spirit Woods"
            },
            {
              "token": {
                "name": "Gorseval Tentacle Piece",
                "icon": "https://render.guildwars2.com/file/031E307152EBF6041A2602B8ABE59B60EEC0A3A0/1341266.png",
                "id": 77751
              },
              "id": "gorseval",
              "type": "Boss",
              "miniatures": [
                {
                  "id": 77296,
                  "name": "Mini Gorseval the Multifarious",
                  "icon": "https://render.guildwars2.com/file/E5074A6E5CE552A9231195202B45D5DA2C1A585E/1301787.png"
                }
              ],
              "name": "Gorseval"
            },
            {
              "miniatures": [
                {
                  "name": "Mini Sabetha",
                  "icon": "https://render.guildwars2.com/file/1C96C03C385529A818E9E14ED7BB7E47F10154F5/1301795.png",
                  "id": 77339
                },
                {
                  "name": "Mini \"Knuckles\"",
                  "icon": "https://render.guildwars2.com/file/C87114B6E4EC38D8045B7DF0589DB037F0A9E551/1301789.png",
                  "id": 77345
                },
                {
                  "id": 77385,
                  "icon": "https://render.guildwars2.com/file/D7E11B2126D3B64415CE01F8809EA119E86BA9C1/1301791.png",
                  "name": "Mini Kernan"
                },
                {
                  "icon": "https://render.guildwars2.com/file/F05DBD0C06C3707BE479C407063EE7A5FE0EF5FC/1301790.png",
                  "name": "Mini Karde",
                  "id": 77311
                }
              ],
              "name": "Sabetha",
              "token": {
                "id": 77728,
                "name": "Sabetha Flamethrower Fragment Piece",
                "icon": "https://render.guildwars2.com/file/5BDD23F27E370B7FD87DA245B9A6699E7E0ED63F/1341335.png"
              },
              "id": "sabetha",
              "type": "Boss"
            }
          ],
          "map_id": 1062,
          "id": "wing1"
        },
        {
          "events": [
            {
              "token": {
                "icon": "https://render.guildwars2.com/file/07D2F8C534312AB0D343AF21A32D08110AF9A7CA/1377340.png",
                "name": "Slothasor Mushroom",
                "id": 77706
              },
              "type": "Boss",
              "id": "slothasor",
              "name": "Slothasor",
              "miniatures": [
                {
                  "id": 77870,
                  "icon": "https://render.guildwars2.com/file/2370FE955AC49D38B99F2592F629D2B544BABBD2/1377392.png",
                  "name": "Mini Slothasor"
                },
                {
                  "id": 77848,
                  "name": "Mini Slubling",
                  "icon": "https://render.guildwars2.com/file/74C5E9AA0B163A297673040D02FB477552ED5A96/1377393.png"
                }
              ]
            },
            {
              "id": "bandit_trio",
              "type": "Boss",
              "miniatures": [
                {
                  "id": 78003,
                  "icon": "https://render.guildwars2.com/file/C15976032711E736FAB51FD0EDD9B6703A7CE543/1377388.png",
                  "name": "Mini Berg"
                },
                {
                  "icon": "https://render.guildwars2.com/file/15945F03F94119E344DDC921D34FAF49D85FAE95/1377390.png",
                  "name": "Mini Zane",
                  "id": 77859
                },
                {
                  "id": 77820,
                  "name": "Mini Narella",
                  "icon": "https://render.guildwars2.com/file/A95E0E20EB6FDE9CBCEE667FF13BEAC2E80D594D/1377389.png"
                }
              ],
              "name": "Bandit Trio"
            },
            {
              "name": "Matthias",
              "miniatures": [
                {
                  "icon": "https://render.guildwars2.com/file/EBAFC4EA9C80F6D66AD9A427E15918E0172A476F/1377391.png",
                  "name": "Mini Matthias Abomination",
                  "id": 77911
                }
              ],
              "token": {
                "id": 77679,
                "name": "White Mantle Abomination Crystal",
                "icon": "https://render.guildwars2.com/file/DD3B0624A0926608D9BB59DAB9C7079D5E3B3D97/1341406.png"
              },
              "type": "Boss",
              "id": "matthias"
            }
          ],
          "map_id": 1149,
          "id": "wing2"
        },
        {
          "id": "wing3",
          "map_id": 1156,
          "events": [
            {
              "name": "Escort",
              "miniatures": [
                {
                  "name": "Mini McLeod the Silent",
                  "icon": "https://render.guildwars2.com/file/433A4E66794240AD463941F868754BB46D245020/1451172.png",
                  "id": 78828
                }
              ],
              "id": "escort",
              "type": "Boss",
              "token": {
                "name": "Turret Fragment",
                "icon": "https://render.guildwars2.com/file/BA4AF01864D19E3CC070484F12DF0B52DA1C0CC4/1451138.png",
                "id": 78873
              }
            },
            {
              "miniatures": [
                {
                  "id": 78890,
                  "name": "Mini Keep Construct",
                  "icon": "https://render.guildwars2.com/file/E87C6B0BB4C1D93231A4DB7CBE91157516580A3E/1451173.png"
                }
              ],
              "name": "Keep Construct",
              "token": {
                "name": "Keep Construct Rubble",
                "icon": "https://render.guildwars2.com/file/6AD9295AF333352352C7B91260C646AD96F9C1A6/1451122.png",
                "id": 78902
              },
              "id": "keep_construct",
              "type": "Boss"
            },
            {
              "id": "twisted_castle",
              "type": "Checkpoint",
              "name": "Twisted Castle"
            },
            {
              "token": {
                "id": 78942,
                "name": "Ribbon Scrap",
                "icon": "https://render.guildwars2.com/file/9F51D5FBA24D5BE0A2BDFE9B96669B62F79843C7/1451140.png"
              },
              "id": "xera",
              "type": "Boss",
              "miniatures": [
                {
                  "id": 78815,
                  "name": "Mini Xera",
                  "icon": "https://render.guildwars2.com/file/551509B3B91270BFF016C020D2F9D99B550F93AA/1451174.png"
                }
              ],
              "name": "Xera"
            }
          ]
        },
        {
          "map_id": 1188,
          "events": [
            {
              "name": "Cairn",
              "miniatures": [
                {
                  "icon": "https://render.guildwars2.com/file/0863ADC609086A5E5F6C031DDC1766033432250C/1633961.png",
                  "name": "Mini Cairn the Indomitable",
                  "id": 80562
                }
              ],
              "id": "cairn",
              "type": "Boss",
              "token": {
                "id": 80623,
                "icon": "https://render.guildwars2.com/file/D7AC43DAD263F2BDF8ED4CF26EA7463FA134FDE8/1634864.png",
                "name": "Cairn Fragment"
              }
            },
            {
              "id": "mursaat_overseer",
              "type": "Boss",
              "token": {
                "id": 80269,
                "icon": "https://render.guildwars2.com/file/247830B00D4190345D0556CD9E0BBE1BDB629BFB/1634830.png",
                "name": "Recreation Room Floor Fragment"
              },
              "miniatures": [
                {
                  "id": 80224,
                  "icon": "https://render.guildwars2.com/file/05FCD9D1B4959A051EEC3B160F0802FAB40C2619/1633963.png",
                  "name": "Mini Mursaat Overseer"
                },
                {
                  "id": 80424,
                  "name": "Mini Eye of Janthir",
                  "icon": "https://render.guildwars2.com/file/3E7702EEEF3478F6E4E0196472E216D25C54A701/1633962.png"
                }
              ],
              "name": "Mursaat Overseer"
            },
            {
              "token": {
                "name": "Impaled Prisoner Token",
                "icon": "https://render.guildwars2.com/file/4E40223E650CE2485C0E3F146863AEC7F7E3B923/1634889.png",
                "id": 80087
              },
              "id": "samarog",
              "type": "Boss",
              "name": "Samarog",
              "miniatures": [
                {
                  "name": "Mini Samarog",
                  "icon": "https://render.guildwars2.com/file/9645BE1925D1AC3E7177C99B740078F09EA5A739/1633967.png",
                  "id": 80218
                }
              ]
            },
            {
              "token": {
                "name": "Fragment of Saul's Burden",
                "icon": "https://render.guildwars2.com/file/BB7AC0B2FB23067DBC09C3A36B80B94FD2092ACE/1634875.png",
                "id": 80542
              },
              "type": "Boss",
              "id": "deimos",
              "name": "Deimos",
              "miniatures": [
                {
                  "id": 80327,
                  "icon": "https://render.guildwars2.com/file/03E57D1019181CE015C09BDA0601B7D34ECD3841/1633966.png",
                  "name": "Mini Ragged White Mantle Figurehead"
                },
                {
                  "icon": "https://render.guildwars2.com/file/BB9F4D4535A836077A2A18BBC17C045A51B12DB0/1633965.png",
                  "name": "Mini White Mantle Figurehead",
                  "id": 80545
                }
              ]
            }
          ],
          "id": "wing4"
        }
      ],
      "id": "forsaken_thicket"
    },
    {
      "id": "hall_of_chains",
      "wings": [
        {
          "id": "wing5",
          "events": [
            {
              "name": "Soulless Horror",
              "miniatures": [
                {
                  "id": 86076,
                  "name": "Mini Desmina",
                  "icon": "https://render.guildwars2.com/file/4FE00D4F52D0D8340CCCBAE824B7FD0109BE7E33/1894936.png"
                }
              ],
              "id": "soulless_horror",
              "type": "Boss",
              "token": {
                "id": 85993,
                "icon": "https://render.guildwars2.com/file/080EE3097B4457B406AD057367BEDBB79B1AD1D7/1894792.png",
                "name": "Desmina's Token"
              }
            },
            {
              "miniatures": [
                {
                  "id": 86076,
                  "icon": "https://render.guildwars2.com/file/4FE00D4F52D0D8340CCCBAE824B7FD0109BE7E33/1894936.png",
                  "name": "Mini Desmina"
                }
              ],
              "name": "River of Souls",
              "id": "river_of_souls",
              "type": "Boss",
              "token": {
                "id": 85785,
                "name": "River of Souls Token",
                "icon": "https://render.guildwars2.com/file/53A9A17A23C1E29C1714773B0FDF1C41294FE50D/1894804.png"
              }
            },
            {
              "name": "Statues of Grenth",
              "miniatures": [
                {
                  "id": 85667,
                  "name": "Mini Broken King",
                  "icon": "https://render.guildwars2.com/file/712E5629410C91E6C0F95602F6621FDD000E7A34/1894935.png"
                }
              ],
              "token": {
                "id": 85800,
                "name": "Statue Token",
                "icon": "https://render.guildwars2.com/file/D60F0721EC3AD122A2D4A47B68D50F355CE49303/1894800.png"
              },
              "id": "statues_of_grenth",
              "type": "Boss"
            },
            {
              "miniatures": [
                {
                  "name": "Mini Dhuum",
                  "icon": "https://render.guildwars2.com/file/5C4FEBC890B4D9D2D6A96E4837CD4C0CFA605AB7/1894937.png",
                  "id": 85998
                }
              ],
              "name": "Voice in the Void",
              "token": {
                "icon": "https://render.guildwars2.com/file/2BB54BA422D3F3DA542A932BDB37A4AB17A6A6F3/1894796.png",
                "name": "Dhuum's Token",
                "id": 85633
              },
              "type": "Boss",
              "id": "voice_in_the_void"
            }
          ],
          "map_id": 1264
        }
      ]
    },
    {
      "id": "mythwright_gambit",
      "wings": [
        {
          "map_id": 1303,
          "events": [
            {
              "name": "Conjured Amalgamate",
              "miniatures": [
                {
                  "icon": "https://render.guildwars2.com/file/B316A9FAA3275D0EF6D84A9179E062BF10C4545A/2038619.png",
                  "name": "Mini Zommoros",
                  "id": 88963
                }
              ],
              "type": "Boss",
              "id": "conjured_amalgamate",
              "token": {
                "id": 88543,
                "icon": "https://render.guildwars2.com/file/BFBD0C321201AA240DCABE4D0ABE79FB923EDD5B/2039285.png",
                "name": "Conjured Amalgamate Token"
              }
            },
            {
              "name": "Twin Largos",
              "miniatures": [
                {
                  "icon": "https://render.guildwars2.com/file/C5B29ACDAB73EC30571E12C30E4A5E030CCF0B4E/2038615.png",
                  "name": "Mini Kenut",
                  "id": 88868
                },
                {
                  "icon": "https://render.guildwars2.com/file/453C959040B6AF7F639FDD78367AF39FD7C73246/2038614.png",
                  "name": "Mini Nikare",
                  "id": 88744
                }
              ],
              "token": {
                "icon": "https://render.guildwars2.com/file/1D1D51D3D2D863AF1E03A7237DEB0E5E2F08BB4F/2039309.png",
                "name": "Twin Largos Token",
                "id": 88860
              },
              "type": "Boss",
              "id": "twin_largos"
            },
            {
              "miniatures": [
                {
                  "id": 88587,
                  "icon": "https://render.guildwars2.com/file/64ED38CE4F549E573DA3CE641A15BCB3C4FB48B3/2038618.png",
                  "name": "Mini Qadim"
                }
              ],
              "name": "Qadim",
              "type": "Boss",
              "id": "qadim",
              "token": {
                "icon": "https://render.guildwars2.com/file/65B6A32142B6D4D267462965B9AE01DF54BC6027/2039317.png",
                "name": "Qadim's Token",
                "id": 88645
              }
            }
          ],
          "id": "wing6"
        }
      ]
    },
    {
      "wings": [
        {
          "map_id": 1323,
          "events": [
            {
              "name": "Gate",
              "id": "gate",
              "type": "Boss"
            },
            {
              "miniatures": [
                {
                  "icon": "https://render.guildwars2.com/file/B79BC2FD11174B22F2CFE69DC54C727CB41F68B3/2155912.png",
                  "name": "Mini Djinn Lamp",
                  "id": 91143
                }
              ],
              "name": "Cardinal Adina",
              "type": "Boss",
              "id": "adina",
              "token": {
                "id": 91246,
                "icon": "https://render.guildwars2.com/file/355D6C5065703E984F955ED60D9F17F32EACA2BD/2155902.png",
                "name": "Cardinal Adina's Token"
              }
            },
            {
              "miniatures": [
                {
                  "icon": "https://render.guildwars2.com/file/A9AEBDAAA1D94F9DA41A4714C7464758D9EE3ED7/2155913.png",
                  "name": "Mini Key of Ahdashim",
                  "id": 91148
                }
              ],
              "name": "Cardinal Sabir",
              "id": "sabir",
              "type": "Boss",
              "token": {
                "id": 91270,
                "icon": "https://render.guildwars2.com/file/B85B29E937B35E090B2921BC3B08B8F93D3B29CB/2155898.png",
                "name": "Cardinal Sabir's Token"
              }
            },
            {
              "token": {
                "id": 91175,
                "name": "Ether Djinn's Token",
                "icon": "https://render.guildwars2.com/file/4FC6B8B044DBCDF03B7A45CBC2A3551012751A13/2155906.png"
              },
              "id": "qadim_the_peerless",
              "type": "Boss",
              "miniatures": [
                {
                  "icon": "https://render.guildwars2.com/file/640241E807BF6D14447406C934F5D6FE144A0A4E/2155914.png",
                  "name": "Mini Qadim the Peerless",
                  "id": 91232
                }
              ],
              "name": "Qadim the Peerless"
            }
          ],
          "id": "wing7"
        }
      ],
      "id": "the_key_of_ahdashim"
    }
  ],
  "general_tokens": [
    {
      "icon": "https://render.guildwars2.com/file/6D33B7387BAF2E2CC9B5D37D1D1B01246AB6FA22/1302744.png",
      "name": "Legendary Insight",
      "id": 77302
    },
    {
      "icon": "https://render.guildwars2.com/file/6E5318D426D1611F5A36ED5E7159DFAC7F911C04/2038674.png",
      "name": "Legendary Divination",
      "id": 88485
    }
  ]
}